epoch,time,train/box_loss,train/cls_loss,train/dfl_loss,metrics/precision(B),metrics/recall(B),metrics/mAP50(B),metrics/mAP50-95(B),val/box_loss,val/cls_loss,val/dfl_loss,lr/pg0,lr/pg1,lr/pg2
1,7.78809,5.15467,18.5124,3.15698,9e-05,0.01786,1e-05,0,5.49176,13.7085,3.62837,0.0015,0.0015,0.0865
2,11.3818,4.97081,7.6517,2.75838,0,0,0,0,4.94608,4.61144,2.65789,0.00309924,0.00309924,0.0720992
3,15.1195,4.08721,4.26995,1.87567,0.50845,0.06349,0.00392,0.0007,4.21522,3.3536,1.93546,0.00469541,0.00469541,0.0576954
4,20.4469,3.52636,4.19613,1.59431,0.53387,0.07937,0.036,0.00836,3.32717,8.09755,1.49548,0.00628616,0.00628616,0.0432862
5,23.828,2.84789,3.90005,1.27696,0.04619,0.13889,0.02572,0.00664,3.08374,3.26673,1.29418,0.00786916,0.00786916,0.0288692
6,27.2538,2.97886,3.30254,1.30539,0.05614,0.07937,0.06288,0.01682,2.82023,2.83365,1.28868,0.0094421,0.0094421,0.0144421
7,31.0606,2.66725,3.57959,1.23389,0.22112,0.1231,0.11163,0.02405,2.66081,3.00307,1.21424,0.00991232,0.00991232,0.00991232
8,35.966,2.73654,3.07266,1.21411,0.68731,0.10714,0.27648,0.08141,2.54571,2.39967,1.21681,0.00988079,0.00988079,0.00988079
9,39.3865,2.54398,2.46345,1.22775,0.28978,0.33532,0.1933,0.05159,2.65671,2.20181,1.31312,0.00984449,0.00984449,0.00984449
10,42.5993,2.65645,2.48603,1.24275,0.6884,0.19841,0.19931,0.06393,2.55308,6.20993,1.23198,0.00980345,0.00980345,0.00980345
11,46.2612,2.66719,2.56506,1.25181,0.60687,0.2004,0.25631,0.07424,2.56528,2.90169,1.19891,0.00975773,0.00975773,0.00975773
12,51.2895,2.64272,2.88442,1.22607,0.18379,0.17063,0.11654,0.03716,2.70167,2.76384,1.30848,0.00970736,0.00970736,0.00970736
13,54.7758,2.68233,2.25897,1.24167,0.27646,0.51984,0.26673,0.07143,2.56828,2.44579,1.19445,0.00965239,0.00965239,0.00965239
14,57.9731,2.65985,2.31354,1.33179,0.48188,0.25198,0.34367,0.10169,2.51902,2.41148,1.2136,0.00959289,0.00959289,0.00959289
15,61.6903,2.50414,2.31638,1.19068,0.70513,0.31746,0.31618,0.09572,2.36687,4.15264,1.18083,0.00952889,0.00952889,0.00952889
16,66.7456,2.56394,2.30803,1.18155,0.52971,0.46079,0.43943,0.13643,2.43887,2.04218,1.18254,0.00946048,0.00946048,0.00946048
17,70.0985,2.60935,1.7576,1.19288,0.47882,0.47319,0.51691,0.16142,2.46901,1.86679,1.19517,0.00938772,0.00938772,0.00938772
18,73.4745,2.54738,1.87012,1.20476,0.61907,0.52459,0.46951,0.14271,2.44502,2.1971,1.16383,0.00931067,0.00931067,0.00931067
19,76.7793,2.4171,2.01368,1.13238,0.61684,0.43849,0.49417,0.14105,2.47261,3.62598,1.1369,0.00922942,0.00922942,0.00922942
20,82.5634,2.36883,1.91767,1.15896,0.54865,0.5119,0.53619,0.16746,2.35843,2.08236,1.12265,0.00914405,0.00914405,0.00914405
21,86.4402,2.31739,1.76541,1.11921,0.51598,0.61111,0.57517,0.18374,2.33507,2.2995,1.13823,0.00905463,0.00905463,0.00905463
22,90.208,2.25369,1.72971,1.13477,0.5074,0.6369,0.55826,0.16153,2.43785,1.87262,1.15622,0.00896127,0.00896127,0.00896127
23,94.5188,2.44287,1.77497,1.12139,0.47407,0.67819,0.53811,0.16933,2.38793,1.48774,1.15842,0.00886404,0.00886404,0.00886404
24,100.305,2.3933,1.6288,1.11403,0.49668,0.40873,0.39409,0.11818,2.47191,2.01809,1.17032,0.00876305,0.00876305,0.00876305
25,103.531,2.36802,1.47115,1.11749,0.34999,0.64881,0.45436,0.13244,2.46305,1.64766,1.16868,0.00865839,0.00865839,0.00865839
26,106.84,2.31879,1.3132,1.12404,0.64371,0.6746,0.60166,0.1888,2.30828,1.38331,1.15638,0.00855018,0.00855018,0.00855018
27,111.991,2.30832,1.436,1.16287,0.62229,0.7381,0.6621,0.1779,2.35118,1.43684,1.16587,0.00843851,0.00843851,0.00843851
28,115.08,2.1286,1.48646,1.07287,0.64665,0.75595,0.7118,0.22492,2.27222,1.36752,1.14655,0.00832349,0.00832349,0.00832349
29,119.832,2.36802,1.3589,1.12432,0.54625,0.62119,0.59076,0.19064,2.31853,1.56919,1.14514,0.00820525,0.00820525,0.00820525
30,123.547,2.21079,1.41317,1.08617,0.65915,0.74565,0.7262,0.22701,2.28317,1.53672,1.13296,0.00808389,0.00808389,0.00808389
31,129.49,2.06507,1.44295,1.01916,0.46918,0.64482,0.52376,0.17504,2.36386,1.57038,1.12762,0.00795954,0.00795954,0.00795954
32,132.961,2.29932,1.45694,1.09057,0.43938,0.66075,0.52036,0.1738,2.38433,1.76198,1.12682,0.00783231,0.00783231,0.00783231
33,137.171,2.06024,1.39005,1.046,0.49672,0.76996,0.61799,0.20207,2.28467,1.43878,1.10794,0.00770234,0.00770234,0.00770234
34,142.745,2.10909,1.31115,1.06618,0.6137,0.71429,0.66806,0.20767,2.35019,1.34201,1.14801,0.00756976,0.00756976,0.00756976
35,145.938,2.04723,1.26713,1.02097,0.62257,0.71169,0.64461,0.20829,2.38794,1.44476,1.14706,0.00743468,0.00743468,0.00743468
36,149.108,2.20744,1.26018,1.05662,0.45643,0.72785,0.53431,0.17767,2.3777,1.42183,1.1586,0.00729725,0.00729725,0.00729725
37,152.347,2.18226,1.27688,1.0646,0.57486,0.55952,0.52651,0.15504,2.42709,1.59356,1.14742,0.00715761,0.00715761,0.00715761
38,157.158,2.10202,1.27935,1.10414,0.52418,0.64087,0.58348,0.19329,2.35937,1.51234,1.1279,0.00701588,0.00701588,0.00701588
39,160.519,1.98944,1.25288,0.99495,0.51339,0.5825,0.52245,0.13658,2.40439,1.46456,1.1262,0.00687222,0.00687222,0.00687222
40,163.69,1.93141,1.17559,0.95377,0.71918,0.625,0.67571,0.20828,2.34798,1.48478,1.11636,0.00672675,0.00672675,0.00672675
41,166.761,1.9511,1.20003,0.98113,0.62399,0.68452,0.67655,0.23108,2.33623,1.30444,1.10431,0.00657963,0.00657963,0.00657963
42,171.358,2.05431,1.19634,1.06359,0.52633,0.79395,0.68218,0.2009,2.28727,1.3156,1.09917,0.00643101,0.00643101,0.00643101
43,175.035,2.0128,1.30484,1.05791,0.62587,0.74802,0.69542,0.23439,2.27115,1.33375,1.10639,0.00628101,0.00628101,0.00628101
44,179.568,1.98947,1.27855,1.0499,0.57371,0.7619,0.7119,0.23401,2.30819,1.37496,1.11869,0.00612981,0.00612981,0.00612981
45,184.357,2.05755,1.20708,1.04768,0.68659,0.76587,0.67608,0.24927,2.33708,1.26208,1.11551,0.00597754,0.00597754,0.00597754
46,190.107,2.07612,1.20157,1.03717,0.76826,0.76142,0.73126,0.21132,2.34975,1.29638,1.13137,0.00582435,0.00582435,0.00582435
47,193.175,1.97527,1.21894,0.99889,0.69124,0.69022,0.66138,0.18929,2.37407,1.3618,1.12779,0.0056704,0.0056704,0.0056704
48,197.274,1.89661,1.10103,0.93557,0.65273,0.73016,0.66477,0.22509,2.41735,1.28959,1.14849,0.00551584,0.00551584,0.00551584
49,202.971,2.06087,1.17016,1.04694,0.70199,0.80576,0.72549,0.25133,2.2864,1.23099,1.13151,0.00536081,0.00536081,0.00536081
50,206.871,2.08458,1.22715,1.02355,0.67402,0.69474,0.68616,0.25154,2.28929,1.23615,1.14037,0.00520548,0.00520548,0.00520548
51,210.197,1.95052,1.1142,1.01595,0.65449,0.77517,0.71109,0.25473,2.27048,1.23063,1.11159,0.00505,0.00505,0.00505
52,213.975,1.90583,1.04449,1.01816,0.73464,0.76368,0.73616,0.24594,2.25092,1.22132,1.11796,0.00489452,0.00489452,0.00489452
53,219.129,1.75973,1.00223,0.91689,0.73953,0.68439,0.70156,0.22299,2.25682,1.21522,1.09508,0.00473919,0.00473919,0.00473919
54,223.717,1.96357,1.07191,0.98254,0.68405,0.6998,0.70656,0.2188,2.30923,1.22289,1.12321,0.00458416,0.00458416,0.00458416
55,226.895,1.96396,1.05826,1.0044,0.65884,0.70459,0.67638,0.21951,2.24688,1.22343,1.10755,0.0044296,0.0044296,0.0044296
56,230.73,1.86279,1.10202,0.99966,0.67368,0.74008,0.66611,0.22258,2.27357,1.23982,1.11713,0.00427565,0.00427565,0.00427565
57,235.082,1.80238,1.09931,0.93478,0.66976,0.77579,0.67111,0.22013,2.25413,1.2345,1.09959,0.00412246,0.00412246,0.00412246
58,238.37,1.88506,1.02114,0.98044,0.73464,0.73214,0.7028,0.24581,2.20923,1.20804,1.10438,0.00397019,0.00397019,0.00397019
59,241.711,1.83903,1.05805,0.99617,0.74718,0.78571,0.74818,0.26905,2.18742,1.15779,1.09587,0.00381899,0.00381899,0.00381899
60,245.099,1.88304,0.99959,0.96389,0.69721,0.67541,0.6474,0.22746,2.22445,1.22812,1.10024,0.00366899,0.00366899,0.00366899
61,249.813,1.77046,1.03363,0.97484,0.67559,0.72421,0.68789,0.23068,2.20887,1.21765,1.09471,0.00352037,0.00352037,0.00352037
62,254.587,1.88351,1.00771,1.00188,0.6689,0.71337,0.66549,0.2205,2.22222,1.21572,1.10877,0.00337325,0.00337325,0.00337325
63,257.717,1.70933,0.9518,0.92577,0.60434,0.77183,0.66703,0.22403,2.20696,1.20371,1.10457,0.00322778,0.00322778,0.00322778
64,261.056,1.87838,1.06921,0.99805,0.59317,0.78373,0.63916,0.22466,2.22023,1.16935,1.10528,0.00308412,0.00308412,0.00308412
65,265.997,1.73127,1.0166,0.9688,0.61472,0.7996,0.66839,0.23773,2.21146,1.17185,1.09584,0.00294239,0.00294239,0.00294239
66,269.236,1.7786,1.0181,0.9703,0.64484,0.80238,0.67891,0.23481,2.1733,1.15122,1.08341,0.00280275,0.00280275,0.00280275
67,272.384,1.68573,0.93281,0.90259,0.72749,0.81944,0.73743,0.23687,2.24617,1.17849,1.09763,0.00266532,0.00266532,0.00266532
68,275.624,1.6479,0.97145,0.89801,0.78181,0.81006,0.78602,0.25528,2.23094,1.15147,1.09465,0.00253024,0.00253024,0.00253024
69,280.334,1.80932,1.00057,0.99539,0.71265,0.80159,0.72827,0.26774,2.21038,1.15661,1.09432,0.00239766,0.00239766,0.00239766
70,283.978,1.66658,0.90094,0.9437,0.70063,0.81944,0.73307,0.25794,2.19661,1.18168,1.09537,0.00226769,0.00226769,0.00226769
71,287.177,1.76729,0.92082,0.95023,0.6981,0.81944,0.73168,0.26255,2.22279,1.17798,1.10096,0.00214046,0.00214046,0.00214046
72,290.418,1.76356,1.00177,0.96632,0.67152,0.78294,0.66221,0.2485,2.24147,1.17773,1.10444,0.00201611,0.00201611,0.00201611
73,294.869,1.7259,0.96414,0.94696,0.70698,0.79419,0.70731,0.25677,2.23686,1.17793,1.10207,0.00189475,0.00189475,0.00189475
74,298.632,1.60993,0.89098,0.90568,0.67911,0.72024,0.66667,0.25319,2.24723,1.19952,1.1037,0.00177651,0.00177651,0.00177651
75,301.69,1.73356,0.91437,0.94503,0.71513,0.74603,0.69723,0.25577,2.23887,1.21824,1.09974,0.00166149,0.00166149,0.00166149
76,304.815,1.62423,0.88351,0.93993,0.78266,0.76473,0.75657,0.27957,2.21474,1.17559,1.09516,0.00154982,0.00154982,0.00154982
77,308.96,1.65937,0.91758,0.95892,0.72321,0.75,0.72155,0.26322,2.23844,1.15233,1.10019,0.00144161,0.00144161,0.00144161
78,312.997,1.70723,0.95128,0.94405,0.74694,0.76808,0.73855,0.27009,2.20255,1.14422,1.0929,0.00133695,0.00133695,0.00133695
79,316.827,1.6931,0.92327,0.95068,0.76467,0.75754,0.74834,0.28078,2.2101,1.14012,1.09944,0.00123596,0.00123596,0.00123596
80,320.371,1.54324,0.8354,0.86147,0.75917,0.73413,0.72953,0.27642,2.2397,1.16569,1.10771,0.00113873,0.00113873,0.00113873
81,324.361,1.698,0.89477,0.92106,0.7466,0.75198,0.72756,0.27217,2.2339,1.16915,1.1052,0.00104537,0.00104537,0.00104537
82,329.834,1.67404,1.10326,0.93439,0.78769,0.73413,0.73196,0.27687,2.18911,1.15507,1.0914,0.000955951,0.000955951,0.000955951
83,332.916,1.62646,0.87132,0.96809,0.7125,0.75794,0.7272,0.27709,2.17583,1.16736,1.08861,0.000870577,0.000870577,0.000870577
84,336.105,1.61042,0.85369,0.95357,0.70094,0.7615,0.71391,0.2824,2.1741,1.15976,1.09381,0.000789327,0.000789327,0.000789327
85,341.055,1.60323,0.92659,0.91541,0.79073,0.7368,0.72736,0.27031,2.19627,1.17363,1.10189,0.000712282,0.000712282,0.000712282
86,344.546,1.60975,0.91704,0.92975,0.76689,0.74053,0.73351,0.26953,2.1952,1.17607,1.09971,0.000639518,0.000639518,0.000639518
87,349.042,1.616,0.87598,0.89469,0.74486,0.72522,0.73001,0.27179,2.20971,1.15692,1.0951,0.000571106,0.000571106,0.000571106
88,352.394,1.54419,0.86423,0.91067,0.78923,0.72793,0.76418,0.27886,2.19787,1.15287,1.09222,0.000507115,0.000507115,0.000507115
89,356.948,1.52618,0.82783,0.93088,0.7718,0.74793,0.76428,0.28576,2.18098,1.14719,1.08763,0.000447606,0.000447606,0.000447606
90,360.148,1.61435,0.91169,0.91804,0.76534,0.78373,0.76486,0.27518,2.19095,1.14674,1.08939,0.00039264,0.00039264,0.00039264
91,363.304,1.68334,0.86954,0.95661,0.79487,0.78329,0.76729,0.26931,2.19912,1.16056,1.09452,0.00034227,0.00034227,0.00034227
92,368.146,1.62314,0.89096,0.93049,0.75267,0.76587,0.72381,0.26634,2.18625,1.15293,1.09386,0.000296546,0.000296546,0.000296546
93,372.792,1.50607,0.82315,0.89258,0.74648,0.78373,0.71708,0.26658,2.20148,1.15498,1.09752,0.000255513,0.000255513,0.000255513
94,375.863,1.59224,0.84583,0.92979,0.75544,0.7795,0.72855,0.26669,2.21051,1.16042,1.10119,0.000219212,0.000219212,0.000219212
95,379.038,1.56054,0.83379,0.92879,0.7729,0.78373,0.7308,0.26367,2.20998,1.16429,1.09977,0.000187678,0.000187678,0.000187678
96,382.389,1.54838,0.84356,0.90396,0.76089,0.78373,0.73037,0.26062,2.22284,1.16306,1.10229,0.000160943,0.000160943,0.000160943
97,386.922,1.57179,0.82473,0.92277,0.76299,0.78074,0.73289,0.26127,2.23047,1.16641,1.10401,0.000139032,0.000139032,0.000139032
98,390.066,1.51517,0.79557,0.90081,0.75725,0.77579,0.73185,0.26102,2.23238,1.16688,1.103,0.000121968,0.000121968,0.000121968
99,393.22,1.56242,0.84715,0.90832,0.7468,0.75389,0.73102,0.26187,2.24929,1.16751,1.1092,0.000109768,0.000109768,0.000109768
100,396.446,1.59537,0.84324,0.89538,0.73967,0.76058,0.73086,0.25863,2.24501,1.16572,1.11091,0.000102443,0.000102443,0.000102443
